id,region,latency_ms
0,na,
1,sa,143.724
2,sa,111.938
3,eu,124.814
4,sa,109.980
5,sa,134.658
6,na,110.659
7,eu,103.847
8,na,129.123
9,sa,150.076
10,eu,131.714
11,eu,77.716
12,eu,76.403
13,sa,65.532
14,eu,161.336
15,sa,133.024
16,eu,103.944
17,eu,135.855
18,sa,134.481
19,sa,145.949
20,na,139.625
21,eu,152.288
22,sa,142.671
23,eu,98.529
24,na,100.088
25,na,124.765
26,na,92.422
27,eu,106.321
28,sa,162.309
29,na,138.393
30,na,130.392
31,sa,117.347
32,sa,99.568
33,na,105.031
34,sa,118.876
35,eu,143.898
36,sa,109.349
37,na,122.982
38,na,87.521
39,eu,108.682
40,na,88.380
41,na,130.065
42,na,124.641
43,eu,117.006
44,eu,111.337
45,eu,107.987
46,na,150.561
47,eu,114.677
48,na,144.103
49,sa,147.545
50,eu,123.931
51,na,126.461
52,sa,125.849
53,na,118.160
54,sa,94.885
55,na,132.710
56,sa,141.919
57,na,141.058
58,eu,74.720
59,na,99.692
60,sa,131.959
61,sa,129.077
62,eu,132.646
63,eu,123.010
64,sa,148.642
65,na,119.819
66,eu,122.257
67,sa,97.988
68,eu,143.661
69,eu,158.798
70,eu,72.619
71,eu,118.229
72,eu,92.444
73,sa,100.324
74,na,135.788
75,sa,114.043
76,sa,113.303
77,eu,108.765
78,sa,124.397
79,eu,145.874
80,sa,139.396
81,sa,152.724
82,sa,109.128
83,na,109.310
84,na,110.686
85,sa,97.310
86,na,103.013
87,na,147.977
88,na,118.787
89,na,129.958
90,eu,125.964
91,sa,115.651
92,eu,166.772
93,eu,180.751
94,na,128.878
95,sa,138.930
96,eu,144.919
97,na,
98,eu,169.422
99,na,113.283
100,na,65.721
101,sa,113.698
102,na,77.465
103,eu,111.166
104,sa,127.699
105,sa,165.018
106,sa,137.079
107,sa,82.697
108,sa,96.708
109,sa,117.408
110,sa,127.049
111,eu,92.628
112,eu,101.864
113,na,105.907
114,sa,142.865
115,sa,113.357
116,sa,122.399
117,na,136.372
118,sa,81.817
119,na,82.262
120,eu,139.321
121,sa,107.602
122,na,126.408
123,eu,109.110
124,sa,120.025
125,na,91.492
126,eu,125.472
127,na,98.197
128,sa,79.868
129,eu,129.459
130,sa,162.745
131,sa,186.298
132,eu,96.455
133,sa,104.889
134,na,94.283
135,eu,98.293
136,eu,133.447
137,sa,114.427
138,eu,164.404
139,eu,126.006
140,sa,153.222
141,na,145.033
142,sa,136.398
143,sa,118.611
144,sa,119.760
145,eu,140.816
146,sa,105.596
147,sa,147.840
148,na,139.726
149,eu,107.484
150,na,73.100
151,eu,92.916
152,eu,129.771
153,sa,130.506
154,eu,150.177
155,sa,88.979
156,sa,122.320
157,na,105.947
158,sa,110.723
159,na,111.386
160,na,107.315
161,sa,91.986
162,sa,126.351
163,na,114.274
164,na,130.943
165,eu,122.971
166,sa,172.158
167,na,129.227
168,eu,89.207
169,eu,179.862
170,eu,126.296
171,eu,139.134
172,sa,130.497
173,eu,92.147
174,na,69.463
175,eu,112.577
176,na,133.145
177,sa,109.503
178,na,98.391
179,sa,132.481
180,sa,107.432
181,eu,96.740
182,sa,115.842
183,eu,132.076
184,na,105.185
185,sa,101.278
186,sa,137.240
187,na,116.435
188,eu,131.175
189,sa,110.140
190,eu,134.030
191,na,142.564
192,na,111.236
193,sa,133.982
194,eu,
195,na,104.882
196,na,136.942
197,eu,112.856
198,eu,96.435
199,sa,102.075
200,sa,181.047
201,na,131.577
202,na,117.919
203,na,162.102
204,sa,130.694
205,eu,140.658
206,na,75.941
207,eu,94.251
208,eu,137.276
209,na,97.762
210,sa,120.753
211,sa,124.878
212,na,104.855
213,na,152.839
214,sa,106.603
215,na,106.208
216,sa,108.854
217,eu,98.198
218,na,126.517
219,sa,137.683
220,sa,111.223
221,sa,101.811
222,sa,116.894
223,na,118.820
224,eu,135.761
225,na,105.702
226,na,159.710
227,na,104.352
228,sa,119.991
229,sa,126.856
230,eu,119.763
231,eu,50.951
232,na,117.546
233,eu,120.739
234,eu,147.204
235,na,93.390
236,eu,132.080
237,sa,113.819
238,na,136.269
239,eu,136.393
240,eu,169.008
241,sa,168.177
242,sa,178.027
243,na,154.896
244,na,123.134
245,na,125.446
246,eu,128.982
247,sa,110.259
248,eu,102.137
249,sa,112.589
250,na,146.722
251,na,101.580
252,eu,126.524
253,na,117.049
254,sa,125.925
255,na,119.282
256,sa,120.906
257,sa,90.822
258,sa,124.688
259,na,117.510
260,sa,119.926
261,na,140.559
262,sa,146.117
263,sa,109.185
264,eu,153.537
265,sa,167.252
266,eu,107.117
267,eu,154.211
268,na,92.698
269,na,123.586
270,sa,80.233
271,sa,112.602
272,sa,153.919
273,eu,137.952
274,eu,84.689
275,eu,84.926
276,sa,136.708
277,eu,155.278
278,sa,97.577
279,eu,135.294
280,eu,90.630
281,sa,154.519
282,sa,110.224
283,sa,154.372
284,na,129.255
285,eu,136.416
286,sa,92.567
287,na,93.496
288,na,93.085
289,eu,164.684
290,eu,120.931
291,eu,
292,eu,145.591
293,eu,136.682
294,na,75.107
295,sa,127.441
296,eu,117.806
297,eu,103.198
298,na,148.840
299,sa,115.569
300,sa,82.398
301,eu,124.988
302,eu,108.836
303,sa,107.686
304,eu,102.159
305,na,151.614
306,na,110.313
307,sa,110.770
308,sa,53.242
309,eu,125.973
310,eu,125.845
311,eu,148.400
312,sa,113.799
313,eu,147.304
314,na,141.670
315,sa,185.639
316,eu,117.545
317,na,129.665
318,sa,144.709
319,sa,119.063
320,eu,107.949
321,na,113.229
322,eu,132.752
323,eu,116.098
324,na,117.742
325,sa,132.014
326,na,68.908
327,sa,120.678
328,eu,153.088
329,na,171.467
330,na,86.613
331,na,142.561
332,na,110.963
333,sa,128.912
334,na,109.744
335,sa,140.272
336,sa,135.338
337,eu,113.914
338,na,114.025
339,na,143.372
340,na,153.346
341,na,119.747
342,na,121.743
343,sa,70.966
344,eu,154.902
345,sa,131.734
346,eu,120.083
347,na,139.649
348,na,128.919
349,sa,142.465
350,eu,133.397
351,eu,87.345
352,eu,122.956
353,na,129.812
354,eu,80.188
355,na,132.698
356,eu,65.120
357,sa,124.988
358,na,132.360
359,na,142.740
360,eu,118.522
361,na,160.935
362,na,104.652
363,eu,130.261
364,eu,113.839
365,sa,108.979
366,na,146.236
367,eu,133.403
368,na,130.184
369,na,173.435
370,sa,130.450
371,sa,132.567
372,sa,114.032
373,na,129.153
374,sa,118.296
375,eu,152.418
376,eu,136.883
377,eu,102.160
378,sa,124.934
379,na,139.221
380,sa,108.732
381,eu,184.524
382,sa,84.772
383,sa,119.248
384,na,117.512
385,eu,138.731
386,sa,61.527
387,sa,140.696
388,sa,
389,na,82.139
390,eu,139.231
391,eu,110.276
392,na,120.623
393,sa,138.609
394,sa,116.721
395,eu,137.181
396,sa,145.069
397,eu,157.315
398,na,105.629
399,sa,157.270
400,sa,142.043
401,eu,126.138
402,eu,175.841
403,na,115.663
404,eu,132.343
405,sa,94.632
406,sa,90.751
407,eu,147.551
408,sa,133.039
409,eu,106.433
410,sa,131.501
411,na,141.134
412,na,121.391
413,sa,154.769
414,na,110.826
415,sa,88.966
416,na,114.829
417,sa,113.977
418,sa,99.437
419,na,82.547
420,sa,120.398
421,na,118.309
422,sa,157.054
423,eu,81.467
424,na,121.710
425,sa,103.708
426,na,139.119
427,sa,117.977
428,na,90.426
429,sa,141.222
430,sa,115.932
431,na,100.851
432,sa,124.266
433,sa,147.931
434,sa,111.297
435,sa,65.329
436,eu,125.150
437,sa,135.150
438,sa,139.886
439,sa,133.649
440,eu,117.761
441,eu,143.231
442,na,129.221
443,sa,110.615
444,na,33.882
445,eu,133.235
446,eu,153.852
447,eu,98.832
448,na,124.368
449,na,158.482
450,sa,58.621
451,sa,127.818
452,na,126.382
453,eu,74.391
454,sa,145.005
455,na,88.790
456,na,149.260
457,sa,153.286
458,na,140.472
459,na,93.735
460,na,112.987
461,eu,117.743
462,na,91.729
463,na,120.437
464,sa,155.032
465,sa,100.186
466,na,139.673
467,eu,123.054
468,na,128.474
469,eu,105.284
470,sa,137.127
471,na,116.966
472,na,159.586
473,eu,108.267
474,eu,158.218
475,sa,128.675
476,sa,116.968
477,na,58.096
478,na,129.729
479,sa,159.303
480,na,96.268
481,eu,138.418
482,na,161.094
483,eu,138.997
484,sa,81.379
485,na,
486,eu,137.878
487,sa,98.730
488,sa,95.143
489,sa,118.140
490,na,89.709
491,eu,139.827
492,na,105.780
493,sa,115.906
494,sa,139.556
495,sa,118.501
496,eu,144.143
497,na,136.725
498,na,126.197
499,eu,131.828
